,Pohlavie,nazov_okresu,nazov_kraja,Súčasná ekonomická aktivita,abs.
0,Muži,Okres Bratislava I,Bratislavský kraj,na materskej dovolenke,1
1,Muži,Okres Bratislava I,Bratislavský kraj,pracujúci dôhodcovia,669
2,Muži,Okres Bratislava I,Bratislavský kraj,pomáhajúci,3
3,Muži,Okres Bratislava I,Bratislavský kraj,hľadajúci zamestnanie,569
4,Muži,Okres Bratislava I,Bratislavský kraj,iné,10366
5,Ženy,Okres Bratislava I,Bratislavský kraj,na materskej dovolenke,998
6,Ženy,Okres Bratislava I,Bratislavský kraj,pracujúci dôhodcovia,762
7,Ženy,Okres Bratislava I,Bratislavský kraj,pomáhajúci,9
8,Ženy,Okres Bratislava I,Bratislavský kraj,hľadajúci zamestnanie,482
9,Ženy,Okres Bratislava I,Bratislavský kraj,iné,10510
10,Muži,Okres Bratislava I,Bratislavský kraj,dôchodcovia,4904
11,Muži,Okres Bratislava I,Bratislavský kraj,Ženy v domácnosti,0
12,Muži,Okres Bratislava I,Bratislavský kraj,Deti a žiaci ZŠ,4062
13,Muži,Okres Bratislava I,Bratislavský kraj,učilíšť (SOU),281
14,Muži,Okres Bratislava I,Bratislavský kraj,stredných škôl,787
15,Muži,Okres Bratislava I,Bratislavský kraj,vysokých škôl,646
16,Muži,Okres Bratislava I,Bratislavský kraj,Ostatní závislí,70
17,Muži,Okres Bratislava I,Bratislavský kraj,s vl. zdrojom obživy,4
18,Ženy,Okres Bratislava I,Bratislavský kraj,dôchodcovia,8960
19,Ženy,Okres Bratislava I,Bratislavský kraj,Ženy v domácnosti,578
20,Ženy,Okres Bratislava I,Bratislavský kraj,Deti a žiaci ZŠ,3698
21,Ženy,Okres Bratislava I,Bratislavský kraj,učilíšť (SOU),137
22,Ženy,Okres Bratislava I,Bratislavský kraj,stredných škôl,870
23,Ženy,Okres Bratislava I,Bratislavský kraj,vysokých škôl,591
24,Ženy,Okres Bratislava I,Bratislavský kraj,Ostatní závislí,57
25,Ženy,Okres Bratislava I,Bratislavský kraj,s vl. zdrojom obživy,3
26,Muži,Okres Bratislava II,Bratislavský kraj,na materskej dovolenke,6
27,Muži,Okres Bratislava II,Bratislavský kraj,pracujúci dôhodcovia,1275
28,Muži,Okres Bratislava II,Bratislavský kraj,pomáhajúci,3
29,Muži,Okres Bratislava II,Bratislavský kraj,hľadajúci zamestnanie,1366
30,Muži,Okres Bratislava II,Bratislavský kraj,iné,27431
31,Ženy,Okres Bratislava II,Bratislavský kraj,na materskej dovolenke,3308
32,Ženy,Okres Bratislava II,Bratislavský kraj,pracujúci dôhodcovia,1368
33,Ženy,Okres Bratislava II,Bratislavský kraj,pomáhajúci,14
34,Ženy,Okres Bratislava II,Bratislavský kraj,hľadajúci zamestnanie,1122
35,Ženy,Okres Bratislava II,Bratislavský kraj,iné,28347
36,Muži,Okres Bratislava II,Bratislavský kraj,dôchodcovia,7561
37,Muži,Okres Bratislava II,Bratislavský kraj,Ženy v domácnosti,0
38,Muži,Okres Bratislava II,Bratislavský kraj,Deti a žiaci ZŠ,10538
39,Muži,Okres Bratislava II,Bratislavský kraj,učilíšť (SOU),1437
40,Muži,Okres Bratislava II,Bratislavský kraj,stredných škôl,1489
41,Muži,Okres Bratislava II,Bratislavský kraj,vysokých škôl,1148
42,Muži,Okres Bratislava II,Bratislavský kraj,Ostatní závislí,94
43,Muži,Okres Bratislava II,Bratislavský kraj,s vl. zdrojom obživy,7
44,Ženy,Okres Bratislava II,Bratislavský kraj,dôchodcovia,14027
45,Ženy,Okres Bratislava II,Bratislavský kraj,Ženy v domácnosti,954
46,Ženy,Okres Bratislava II,Bratislavský kraj,Deti a žiaci ZŠ,10091
47,Ženy,Okres Bratislava II,Bratislavský kraj,učilíšť (SOU),764
48,Ženy,Okres Bratislava II,Bratislavský kraj,stredných škôl,2218
49,Ženy,Okres Bratislava II,Bratislavský kraj,vysokých škôl,1077
50,Ženy,Okres Bratislava II,Bratislavský kraj,Ostatní závislí,84
51,Ženy,Okres Bratislava II,Bratislavský kraj,s vl. zdrojom obživy,4
52,Muži,Okres Bratislava III,Bratislavský kraj,na materskej dovolenke,3
53,Muži,Okres Bratislava III,Bratislavský kraj,pracujúci dôhodcovia,836
54,Muži,Okres Bratislava III,Bratislavský kraj,pomáhajúci,3
55,Muži,Okres Bratislava III,Bratislavský kraj,hľadajúci zamestnanie,776
56,Muži,Okres Bratislava III,Bratislavský kraj,iné,14824
57,Ženy,Okres Bratislava III,Bratislavský kraj,na materskej dovolenke,1569
58,Ženy,Okres Bratislava III,Bratislavský kraj,pracujúci dôhodcovia,989
59,Ženy,Okres Bratislava III,Bratislavský kraj,pomáhajúci,2
60,Ženy,Okres Bratislava III,Bratislavský kraj,hľadajúci zamestnanie,620
61,Ženy,Okres Bratislava III,Bratislavský kraj,iné,14692
62,Muži,Okres Bratislava III,Bratislavský kraj,dôchodcovia,5553
63,Muži,Okres Bratislava III,Bratislavský kraj,Ženy v domácnosti,0
64,Muži,Okres Bratislava III,Bratislavský kraj,Deti a žiaci ZŠ,5844
65,Muži,Okres Bratislava III,Bratislavský kraj,učilíšť (SOU),672
66,Muži,Okres Bratislava III,Bratislavský kraj,stredných škôl,861
67,Muži,Okres Bratislava III,Bratislavský kraj,vysokých škôl,627
68,Muži,Okres Bratislava III,Bratislavský kraj,Ostatní závislí,56
69,Muži,Okres Bratislava III,Bratislavský kraj,s vl. zdrojom obživy,3
70,Ženy,Okres Bratislava III,Bratislavský kraj,dôchodcovia,9901
71,Ženy,Okres Bratislava III,Bratislavský kraj,Ženy v domácnosti,512
72,Ženy,Okres Bratislava III,Bratislavský kraj,Deti a žiaci ZŠ,5517
73,Ženy,Okres Bratislava III,Bratislavský kraj,učilíšť (SOU),373
74,Ženy,Okres Bratislava III,Bratislavský kraj,stredných škôl,1192
75,Ženy,Okres Bratislava III,Bratislavský kraj,vysokých škôl,571
76,Ženy,Okres Bratislava III,Bratislavský kraj,Ostatní závislí,60
77,Ženy,Okres Bratislava III,Bratislavský kraj,s vl. zdrojom obživy,1
78,Muži,Okres Bratislava IV,Bratislavský kraj,na materskej dovolenke,0
79,Muži,Okres Bratislava IV,Bratislavský kraj,pracujúci dôhodcovia,731
80,Muži,Okres Bratislava IV,Bratislavský kraj,pomáhajúci,2
81,Muži,Okres Bratislava IV,Bratislavský kraj,hľadajúci zamestnanie,1054
82,Muži,Okres Bratislava IV,Bratislavský kraj,iné,21549
83,Ženy,Okres Bratislava IV,Bratislavský kraj,na materskej dovolenke,2972
84,Ženy,Okres Bratislava IV,Bratislavský kraj,pracujúci dôhodcovia,827
85,Ženy,Okres Bratislava IV,Bratislavský kraj,pomáhajúci,4
86,Ženy,Okres Bratislava IV,Bratislavský kraj,hľadajúci zamestnanie,896
87,Ženy,Okres Bratislava IV,Bratislavský kraj,iné,22328
88,Muži,Okres Bratislava IV,Bratislavský kraj,dôchodcovia,3989
89,Muži,Okres Bratislava IV,Bratislavský kraj,Ženy v domácnosti,0
90,Muži,Okres Bratislava IV,Bratislavský kraj,Deti a žiaci ZŠ,8928
91,Muži,Okres Bratislava IV,Bratislavský kraj,učilíšť (SOU),1163
92,Muži,Okres Bratislava IV,Bratislavský kraj,stredných škôl,1480
93,Muži,Okres Bratislava IV,Bratislavský kraj,vysokých škôl,1124
94,Muži,Okres Bratislava IV,Bratislavský kraj,Ostatní závislí,32
95,Muži,Okres Bratislava IV,Bratislavský kraj,s vl. zdrojom obživy,1
96,Ženy,Okres Bratislava IV,Bratislavský kraj,dôchodcovia,7185
97,Ženy,Okres Bratislava IV,Bratislavský kraj,Ženy v domácnosti,620
98,Ženy,Okres Bratislava IV,Bratislavský kraj,Deti a žiaci ZŠ,8702
99,Ženy,Okres Bratislava IV,Bratislavský kraj,učilíšť (SOU),553
100,Ženy,Okres Bratislava IV,Bratislavský kraj,stredných škôl,2035
101,Ženy,Okres Bratislava IV,Bratislavský kraj,vysokých škôl,1101
102,Ženy,Okres Bratislava IV,Bratislavský kraj,Ostatní závislí,21
103,Ženy,Okres Bratislava IV,Bratislavský kraj,s vl. zdrojom obživy,0
104,Muži,Okres Bratislava V,Bratislavský kraj,na materskej dovolenke,4
105,Muži,Okres Bratislava V,Bratislavský kraj,pracujúci dôhodcovia,448
106,Muži,Okres Bratislava V,Bratislavský kraj,pomáhajúci,3
107,Muži,Okres Bratislava V,Bratislavský kraj,hľadajúci zamestnanie,1479
108,Muži,Okres Bratislava V,Bratislavský kraj,iné,32760
109,Ženy,Okres Bratislava V,Bratislavský kraj,na materskej dovolenke,3571
110,Ženy,Okres Bratislava V,Bratislavský kraj,pracujúci dôhodcovia,459
111,Ženy,Okres Bratislava V,Bratislavský kraj,pomáhajúci,10
112,Ženy,Okres Bratislava V,Bratislavský kraj,hľadajúci zamestnanie,1472
113,Ženy,Okres Bratislava V,Bratislavský kraj,iné,34622
114,Muži,Okres Bratislava V,Bratislavský kraj,dôchodcovia,2705
115,Muži,Okres Bratislava V,Bratislavský kraj,Ženy v domácnosti,0
116,Muži,Okres Bratislava V,Bratislavský kraj,Deti a žiaci ZŠ,22494
117,Muži,Okres Bratislava V,Bratislavský kraj,učilíšť (SOU),1771
118,Muži,Okres Bratislava V,Bratislavský kraj,stredných škôl,1481
119,Muži,Okres Bratislava V,Bratislavský kraj,vysokých škôl,526
120,Muži,Okres Bratislava V,Bratislavský kraj,Ostatní závislí,123
121,Muži,Okres Bratislava V,Bratislavský kraj,s vl. zdrojom obživy,0
122,Ženy,Okres Bratislava V,Bratislavský kraj,dôchodcovia,5038
123,Ženy,Okres Bratislava V,Bratislavský kraj,Ženy v domácnosti,1124
124,Ženy,Okres Bratislava V,Bratislavský kraj,Deti a žiaci ZŠ,21577
125,Ženy,Okres Bratislava V,Bratislavský kraj,učilíšť (SOU),1061
126,Ženy,Okres Bratislava V,Bratislavský kraj,stredných škôl,2168
127,Ženy,Okres Bratislava V,Bratislavský kraj,vysokých škôl,510
128,Ženy,Okres Bratislava V,Bratislavský kraj,Ostatní závislí,119
129,Ženy,Okres Bratislava V,Bratislavský kraj,s vl. zdrojom obživy,0
130,Muži,Okres Bratislava - vidiek,Bratislavský kraj,na materskej dovolenke,0
131,Muži,Okres Bratislava - vidiek,Bratislavský kraj,pracujúci dôhodcovia,1260
132,Muži,Okres Bratislava - vidiek,Bratislavský kraj,pomáhajúci,8
133,Muži,Okres Bratislava - vidiek,Bratislavský kraj,hľadajúci zamestnanie,1894
134,Muži,Okres Bratislava - vidiek,Bratislavský kraj,iné,36110
135,Ženy,Okres Bratislava - vidiek,Bratislavský kraj,na materskej dovolenke,4450
136,Ženy,Okres Bratislava - vidiek,Bratislavský kraj,pracujúci dôhodcovia,1451
137,Ženy,Okres Bratislava - vidiek,Bratislavský kraj,pomáhajúci,6
138,Ženy,Okres Bratislava - vidiek,Bratislavský kraj,hľadajúci zamestnanie,1053
139,Ženy,Okres Bratislava - vidiek,Bratislavský kraj,iné,32670
140,Muži,Okres Bratislava - vidiek,Bratislavský kraj,dôchodcovia,9160
141,Muži,Okres Bratislava - vidiek,Bratislavský kraj,Ženy v domácnosti,0
142,Muži,Okres Bratislava - vidiek,Bratislavský kraj,Deti a žiaci ZŠ,17426
143,Muži,Okres Bratislava - vidiek,Bratislavský kraj,učilíšť (SOU),2630
144,Muži,Okres Bratislava - vidiek,Bratislavský kraj,stredných škôl,1556
145,Muži,Okres Bratislava - vidiek,Bratislavský kraj,vysokých škôl,693
146,Muži,Okres Bratislava - vidiek,Bratislavský kraj,Ostatní závislí,74
147,Muži,Okres Bratislava - vidiek,Bratislavský kraj,s vl. zdrojom obživy,0
148,Ženy,Okres Bratislava - vidiek,Bratislavský kraj,dôchodcovia,16335
149,Ženy,Okres Bratislava - vidiek,Bratislavský kraj,Ženy v domácnosti,1663
150,Ženy,Okres Bratislava - vidiek,Bratislavský kraj,Deti a žiaci ZŠ,16406
151,Ženy,Okres Bratislava - vidiek,Bratislavský kraj,učilíšť (SOU),1575
152,Ženy,Okres Bratislava - vidiek,Bratislavský kraj,stredných škôl,2644
153,Ženy,Okres Bratislava - vidiek,Bratislavský kraj,vysokých škôl,672
154,Ženy,Okres Bratislava - vidiek,Bratislavský kraj,Ostatní závislí,15
155,Ženy,Okres Bratislava - vidiek,Bratislavský kraj,s vl. zdrojom obživy,0
156,Muži,Okres Dunajská Streda,Trnavský kraj,na materskej dovolenke,0
157,Muži,Okres Dunajská Streda,Trnavský kraj,pracujúci dôhodcovia,561
158,Muži,Okres Dunajská Streda,Trnavský kraj,pomáhajúci,7
159,Muži,Okres Dunajská Streda,Trnavský kraj,hľadajúci zamestnanie,1323
160,Muži,Okres Dunajská Streda,Trnavský kraj,iné,28796
161,Ženy,Okres Dunajská Streda,Trnavský kraj,na materskej dovolenke,2735
162,Ženy,Okres Dunajská Streda,Trnavský kraj,pracujúci dôhodcovia,373
163,Ženy,Okres Dunajská Streda,Trnavský kraj,pomáhajúci,10
164,Ženy,Okres Dunajská Streda,Trnavský kraj,hľadajúci zamestnanie,959
165,Ženy,Okres Dunajská Streda,Trnavský kraj,iné,23376
166,Muži,Okres Dunajská Streda,Trnavský kraj,dôchodcovia,6573
167,Muži,Okres Dunajská Streda,Trnavský kraj,Ženy v domácnosti,0
168,Muži,Okres Dunajská Streda,Trnavský kraj,Deti a žiaci ZŠ,13217
169,Muži,Okres Dunajská Streda,Trnavský kraj,učilíšť (SOU),1925
170,Muži,Okres Dunajská Streda,Trnavský kraj,stredných škôl,1247
171,Muži,Okres Dunajská Streda,Trnavský kraj,vysokých škôl,394
172,Muži,Okres Dunajská Streda,Trnavský kraj,Ostatní závislí,19
173,Muži,Okres Dunajská Streda,Trnavský kraj,s vl. zdrojom obživy,0
174,Ženy,Okres Dunajská Streda,Trnavský kraj,dôchodcovia,8826
175,Ženy,Okres Dunajská Streda,Trnavský kraj,Ženy v domácnosti,5696
176,Ženy,Okres Dunajská Streda,Trnavský kraj,Deti a žiaci ZŠ,12523
177,Ženy,Okres Dunajská Streda,Trnavský kraj,učilíšť (SOU),1125
178,Ženy,Okres Dunajská Streda,Trnavský kraj,stredných škôl,2012
179,Ženy,Okres Dunajská Streda,Trnavský kraj,vysokých škôl,369
180,Ženy,Okres Dunajská Streda,Trnavský kraj,Ostatní závislí,9
181,Ženy,Okres Dunajská Streda,Trnavský kraj,s vl. zdrojom obživy,5
182,Muži,Okres Galanta,Trnavský kraj,na materskej dovolenke,0
183,Muži,Okres Galanta,Trnavský kraj,pracujúci dôhodcovia,708
184,Muži,Okres Galanta,Trnavský kraj,pomáhajúci,8
185,Muži,Okres Galanta,Trnavský kraj,hľadajúci zamestnanie,2062
186,Muži,Okres Galanta,Trnavský kraj,iné,36268
187,Ženy,Okres Galanta,Trnavský kraj,na materskej dovolenke,3991
188,Ženy,Okres Galanta,Trnavský kraj,pracujúci dôhodcovia,528
189,Ženy,Okres Galanta,Trnavský kraj,pomáhajúci,20
190,Ženy,Okres Galanta,Trnavský kraj,hľadajúci zamestnanie,1068
191,Ženy,Okres Galanta,Trnavský kraj,iné,29769
192,Muži,Okres Galanta,Trnavský kraj,dôchodcovia,9787
193,Muži,Okres Galanta,Trnavský kraj,Ženy v domácnosti,0
194,Muži,Okres Galanta,Trnavský kraj,Deti a žiaci ZŠ,17084
195,Muži,Okres Galanta,Trnavský kraj,učilíšť (SOU),2485
196,Muži,Okres Galanta,Trnavský kraj,stredných škôl,1536
197,Muži,Okres Galanta,Trnavský kraj,vysokých škôl,555
198,Muži,Okres Galanta,Trnavský kraj,Ostatní závislí,25
199,Muži,Okres Galanta,Trnavský kraj,s vl. zdrojom obživy,1
200,Ženy,Okres Galanta,Trnavský kraj,dôchodcovia,14794
201,Ženy,Okres Galanta,Trnavský kraj,Ženy v domácnosti,6164
202,Ženy,Okres Galanta,Trnavský kraj,Deti a žiaci ZŠ,16193
203,Ženy,Okres Galanta,Trnavský kraj,učilíšť (SOU),1468
204,Ženy,Okres Galanta,Trnavský kraj,stredných škôl,2479
205,Ženy,Okres Galanta,Trnavský kraj,vysokých škôl,566
206,Ženy,Okres Galanta,Trnavský kraj,Ostatní závislí,20
207,Ženy,Okres Galanta,Trnavský kraj,s vl. zdrojom obživy,258
208,Muži,Okres Komárno,Nitriansky kraj,na materskej dovolenke,0
209,Muži,Okres Komárno,Nitriansky kraj,pracujúci dôhodcovia,492
210,Muži,Okres Komárno,Nitriansky kraj,pomáhajúci,16
211,Muži,Okres Komárno,Nitriansky kraj,hľadajúci zamestnanie,1583
212,Muži,Okres Komárno,Nitriansky kraj,iné,27695
213,Ženy,Okres Komárno,Nitriansky kraj,na materskej dovolenke,2613
214,Ženy,Okres Komárno,Nitriansky kraj,pracujúci dôhodcovia,320
215,Ženy,Okres Komárno,Nitriansky kraj,pomáhajúci,22
216,Ženy,Okres Komárno,Nitriansky kraj,hľadajúci zamestnanie,809
217,Ženy,Okres Komárno,Nitriansky kraj,iné,21351
218,Muži,Okres Komárno,Nitriansky kraj,dôchodcovia,8327
219,Muži,Okres Komárno,Nitriansky kraj,Ženy v domácnosti,0
220,Muži,Okres Komárno,Nitriansky kraj,Deti a žiaci ZŠ,11964
221,Muži,Okres Komárno,Nitriansky kraj,učilíšť (SOU),1886
222,Muži,Okres Komárno,Nitriansky kraj,stredných škôl,1075
223,Muži,Okres Komárno,Nitriansky kraj,vysokých škôl,397
224,Muži,Okres Komárno,Nitriansky kraj,Ostatní závislí,6
225,Muži,Okres Komárno,Nitriansky kraj,s vl. zdrojom obživy,0
226,Ženy,Okres Komárno,Nitriansky kraj,dôchodcovia,11896
227,Ženy,Okres Komárno,Nitriansky kraj,Ženy v domácnosti,6884
228,Ženy,Okres Komárno,Nitriansky kraj,Deti a žiaci ZŠ,11125
229,Ženy,Okres Komárno,Nitriansky kraj,učilíšť (SOU),1095
230,Ženy,Okres Komárno,Nitriansky kraj,stredných škôl,1859
231,Ženy,Okres Komárno,Nitriansky kraj,vysokých škôl,415
232,Ženy,Okres Komárno,Nitriansky kraj,Ostatní závislí,8
233,Ženy,Okres Komárno,Nitriansky kraj,s vl. zdrojom obživy,54
234,Muži,Okres Levice,Nitriansky kraj,na materskej dovolenke,3
235,Muži,Okres Levice,Nitriansky kraj,pracujúci dôhodcovia,745
236,Muži,Okres Levice,Nitriansky kraj,pomáhajúci,14
237,Muži,Okres Levice,Nitriansky kraj,hľadajúci zamestnanie,1417
238,Muži,Okres Levice,Nitriansky kraj,iné,29401
239,Ženy,Okres Levice,Nitriansky kraj,na materskej dovolenke,3217
240,Ženy,Okres Levice,Nitriansky kraj,pracujúci dôhodcovia,589
241,Ženy,Okres Levice,Nitriansky kraj,pomáhajúci,11
242,Ženy,Okres Levice,Nitriansky kraj,hľadajúci zamestnanie,859
243,Ženy,Okres Levice,Nitriansky kraj,iné,25682
244,Muži,Okres Levice,Nitriansky kraj,dôchodcovia,9331
245,Muži,Okres Levice,Nitriansky kraj,Ženy v domácnosti,0
246,Muži,Okres Levice,Nitriansky kraj,Deti a žiaci ZŠ,13191
247,Muži,Okres Levice,Nitriansky kraj,učilíšť (SOU),1921
248,Muži,Okres Levice,Nitriansky kraj,stredných škôl,1292
249,Muži,Okres Levice,Nitriansky kraj,vysokých škôl,513
250,Muži,Okres Levice,Nitriansky kraj,Ostatní závislí,148
251,Muži,Okres Levice,Nitriansky kraj,s vl. zdrojom obživy,0
252,Ženy,Okres Levice,Nitriansky kraj,dôchodcovia,16161
253,Ženy,Okres Levice,Nitriansky kraj,Ženy v domácnosti,2929
254,Ženy,Okres Levice,Nitriansky kraj,Deti a žiaci ZŠ,12728
255,Ženy,Okres Levice,Nitriansky kraj,učilíšť (SOU),1096
256,Ženy,Okres Levice,Nitriansky kraj,stredných škôl,2158
257,Ženy,Okres Levice,Nitriansky kraj,vysokých škôl,464
258,Ženy,Okres Levice,Nitriansky kraj,Ostatní závislí,53
259,Ženy,Okres Levice,Nitriansky kraj,s vl. zdrojom obživy,0
260,Muži,Okres Nitra,Nitriansky kraj,na materskej dovolenke,2
261,Muži,Okres Nitra,Nitriansky kraj,pracujúci dôhodcovia,1475
262,Muži,Okres Nitra,Nitriansky kraj,pomáhajúci,9
263,Muži,Okres Nitra,Nitriansky kraj,hľadajúci zamestnanie,2915
264,Muži,Okres Nitra,Nitriansky kraj,iné,51268
265,Ženy,Okres Nitra,Nitriansky kraj,na materskej dovolenke,6477
266,Ženy,Okres Nitra,Nitriansky kraj,pracujúci dôhodcovia,1121
267,Ženy,Okres Nitra,Nitriansky kraj,pomáhajúci,9
268,Ženy,Okres Nitra,Nitriansky kraj,hľadajúci zamestnanie,1992
269,Ženy,Okres Nitra,Nitriansky kraj,iné,45076
270,Muži,Okres Nitra,Nitriansky kraj,dôchodcovia,14424
271,Muži,Okres Nitra,Nitriansky kraj,Ženy v domácnosti,0
272,Muži,Okres Nitra,Nitriansky kraj,Deti a žiaci ZŠ,25114
273,Muži,Okres Nitra,Nitriansky kraj,učilíšť (SOU),3197
274,Muži,Okres Nitra,Nitriansky kraj,stredných škôl,2877
275,Muži,Okres Nitra,Nitriansky kraj,vysokých škôl,1319
276,Muži,Okres Nitra,Nitriansky kraj,Ostatní závislí,231
277,Muži,Okres Nitra,Nitriansky kraj,s vl. zdrojom obživy,0
278,Ženy,Okres Nitra,Nitriansky kraj,dôchodcovia,25241
279,Ženy,Okres Nitra,Nitriansky kraj,Ženy v domácnosti,4003
280,Ženy,Okres Nitra,Nitriansky kraj,Deti a žiaci ZŠ,23812
281,Ženy,Okres Nitra,Nitriansky kraj,učilíšť (SOU),1745
282,Ženy,Okres Nitra,Nitriansky kraj,stredných škôl,4219
283,Ženy,Okres Nitra,Nitriansky kraj,vysokých škôl,1233
284,Ženy,Okres Nitra,Nitriansky kraj,Ostatní závislí,237
285,Ženy,Okres Nitra,Nitriansky kraj,s vl. zdrojom obživy,0
286,Muži,Okres Nové Zámky,Nitriansky kraj,na materskej dovolenke,0
287,Muži,Okres Nové Zámky,Nitriansky kraj,pracujúci dôhodcovia,821
288,Muži,Okres Nové Zámky,Nitriansky kraj,pomáhajúci,8
289,Muži,Okres Nové Zámky,Nitriansky kraj,hľadajúci zamestnanie,1537
290,Muži,Okres Nové Zámky,Nitriansky kraj,iné,37555
291,Ženy,Okres Nové Zámky,Nitriansky kraj,na materskej dovolenke,3727
292,Ženy,Okres Nové Zámky,Nitriansky kraj,pracujúci dôhodcovia,456
293,Ženy,Okres Nové Zámky,Nitriansky kraj,pomáhajúci,13
294,Ženy,Okres Nové Zámky,Nitriansky kraj,hľadajúci zamestnanie,959
295,Ženy,Okres Nové Zámky,Nitriansky kraj,iné,31539
296,Muži,Okres Nové Zámky,Nitriansky kraj,dôchodcovia,12260
297,Muži,Okres Nové Zámky,Nitriansky kraj,Ženy v domácnosti,0
298,Muži,Okres Nové Zámky,Nitriansky kraj,Deti a žiaci ZŠ,16832
299,Muži,Okres Nové Zámky,Nitriansky kraj,učilíšť (SOU),2377
300,Muži,Okres Nové Zámky,Nitriansky kraj,stredných škôl,1669
301,Muži,Okres Nové Zámky,Nitriansky kraj,vysokých škôl,715
302,Muži,Okres Nové Zámky,Nitriansky kraj,Ostatní závislí,12
303,Muži,Okres Nové Zámky,Nitriansky kraj,s vl. zdrojom obživy,1
304,Ženy,Okres Nové Zámky,Nitriansky kraj,dôchodcovia,19238
305,Ženy,Okres Nové Zámky,Nitriansky kraj,Ženy v domácnosti,6463
306,Ženy,Okres Nové Zámky,Nitriansky kraj,Deti a žiaci ZŠ,16075
307,Ženy,Okres Nové Zámky,Nitriansky kraj,učilíšť (SOU),1514
308,Ženy,Okres Nové Zámky,Nitriansky kraj,stredných škôl,2696
309,Ženy,Okres Nové Zámky,Nitriansky kraj,vysokých škôl,557
310,Ženy,Okres Nové Zámky,Nitriansky kraj,Ostatní závislí,4
311,Ženy,Okres Nové Zámky,Nitriansky kraj,s vl. zdrojom obživy,165
312,Muži,Okres Senica,Trnavský kraj,na materskej dovolenke,3
313,Muži,Okres Senica,Trnavský kraj,pracujúci dôhodcovia,1185
314,Muži,Okres Senica,Trnavský kraj,pomáhajúci,0
315,Muži,Okres Senica,Trnavský kraj,hľadajúci zamestnanie,1436
316,Muži,Okres Senica,Trnavský kraj,iné,36761
317,Ženy,Okres Senica,Trnavský kraj,na materskej dovolenke,4286
318,Ženy,Okres Senica,Trnavský kraj,pracujúci dôhodcovia,1028
319,Ženy,Okres Senica,Trnavský kraj,pomáhajúci,4
320,Ženy,Okres Senica,Trnavský kraj,hľadajúci zamestnanie,888
321,Ženy,Okres Senica,Trnavský kraj,iné,32469
322,Muži,Okres Senica,Trnavský kraj,dôchodcovia,9815
323,Muži,Okres Senica,Trnavský kraj,Ženy v domácnosti,0
324,Muži,Okres Senica,Trnavský kraj,Deti a žiaci ZŠ,17729
325,Muži,Okres Senica,Trnavský kraj,učilíšť (SOU),2695
326,Muži,Okres Senica,Trnavský kraj,stredných škôl,1619
327,Muži,Okres Senica,Trnavský kraj,vysokých škôl,618
328,Muži,Okres Senica,Trnavský kraj,Ostatní závislí,230
329,Muži,Okres Senica,Trnavský kraj,s vl. zdrojom obživy,0
330,Ženy,Okres Senica,Trnavský kraj,dôchodcovia,17232
331,Ženy,Okres Senica,Trnavský kraj,Ženy v domácnosti,1158
332,Ženy,Okres Senica,Trnavský kraj,Deti a žiaci ZŠ,17289
333,Ženy,Okres Senica,Trnavský kraj,učilíšť (SOU),1682
334,Ženy,Okres Senica,Trnavský kraj,stredných škôl,2648
335,Ženy,Okres Senica,Trnavský kraj,vysokých škôl,594
336,Ženy,Okres Senica,Trnavský kraj,Ostatní závislí,39
337,Ženy,Okres Senica,Trnavský kraj,s vl. zdrojom obživy,0
338,Muži,Okres Topľčany,Nitriansky kraj,na materskej dovolenke,0
339,Muži,Okres Topľčany,Nitriansky kraj,pracujúci dôhodcovia,1178
340,Muži,Okres Topľčany,Nitriansky kraj,pomáhajúci,3
341,Muži,Okres Topľčany,Nitriansky kraj,hľadajúci zamestnanie,1632
342,Muži,Okres Topľčany,Nitriansky kraj,iné,39860
343,Ženy,Okres Topľčany,Nitriansky kraj,na materskej dovolenke,4210
344,Ženy,Okres Topľčany,Nitriansky kraj,pracujúci dôhodcovia,829
345,Ženy,Okres Topľčany,Nitriansky kraj,pomáhajúci,3
346,Ženy,Okres Topľčany,Nitriansky kraj,hľadajúci zamestnanie,848
347,Ženy,Okres Topľčany,Nitriansky kraj,iné,35809
348,Muži,Okres Topľčany,Nitriansky kraj,dôchodcovia,10768
349,Muži,Okres Topľčany,Nitriansky kraj,Ženy v domácnosti,0
350,Muži,Okres Topľčany,Nitriansky kraj,Deti a žiaci ZŠ,19577
351,Muži,Okres Topľčany,Nitriansky kraj,učilíšť (SOU),2956
352,Muži,Okres Topľčany,Nitriansky kraj,stredných škôl,1850
353,Muži,Okres Topľčany,Nitriansky kraj,vysokých škôl,786
354,Muži,Okres Topľčany,Nitriansky kraj,Ostatní závislí,277
355,Muži,Okres Topľčany,Nitriansky kraj,s vl. zdrojom obživy,0
356,Ženy,Okres Topľčany,Nitriansky kraj,dôchodcovia,18087
357,Ženy,Okres Topľčany,Nitriansky kraj,Ženy v domácnosti,1940
358,Ženy,Okres Topľčany,Nitriansky kraj,Deti a žiaci ZŠ,18709
359,Ženy,Okres Topľčany,Nitriansky kraj,učilíšť (SOU),1734
360,Ženy,Okres Topľčany,Nitriansky kraj,stredných škôl,3069
361,Ženy,Okres Topľčany,Nitriansky kraj,vysokých škôl,724
362,Ženy,Okres Topľčany,Nitriansky kraj,Ostatní závislí,128
363,Ženy,Okres Topľčany,Nitriansky kraj,s vl. zdrojom obživy,0
364,Muži,Okres Trenčín,Trenčiansky kraj,na materskej dovolenke,3
365,Muži,Okres Trenčín,Trenčiansky kraj,pracujúci dôhodcovia,1205
366,Muži,Okres Trenčín,Trenčiansky kraj,pomáhajúci,3
367,Muži,Okres Trenčín,Trenčiansky kraj,hľadajúci zamestnanie,1544
368,Muži,Okres Trenčín,Trenčiansky kraj,iné,44855
369,Ženy,Okres Trenčín,Trenčiansky kraj,na materskej dovolenke,4961
370,Ženy,Okres Trenčín,Trenčiansky kraj,pracujúci dôhodcovia,1341
371,Ženy,Okres Trenčín,Trenčiansky kraj,pomáhajúci,1
372,Ženy,Okres Trenčín,Trenčiansky kraj,hľadajúci zamestnanie,1055
373,Ženy,Okres Trenčín,Trenčiansky kraj,iné,40458
374,Muži,Okres Trenčín,Trenčiansky kraj,dôchodcovia,12916
375,Muži,Okres Trenčín,Trenčiansky kraj,Ženy v domácnosti,0
376,Muži,Okres Trenčín,Trenčiansky kraj,Deti a žiaci ZŠ,20628
377,Muži,Okres Trenčín,Trenčiansky kraj,učilíšť (SOU),3183
378,Muži,Okres Trenčín,Trenčiansky kraj,stredných škôl,2051
379,Muži,Okres Trenčín,Trenčiansky kraj,vysokých škôl,1001
380,Muži,Okres Trenčín,Trenčiansky kraj,Ostatní závislí,60
381,Muži,Okres Trenčín,Trenčiansky kraj,s vl. zdrojom obživy,0
382,Ženy,Okres Trenčín,Trenčiansky kraj,dôchodcovia,22433
383,Ženy,Okres Trenčín,Trenčiansky kraj,Ženy v domácnosti,815
384,Ženy,Okres Trenčín,Trenčiansky kraj,Deti a žiaci ZŠ,19865
385,Ženy,Okres Trenčín,Trenčiansky kraj,učilíšť (SOU),1898
386,Ženy,Okres Trenčín,Trenčiansky kraj,stredných škôl,3289
387,Ženy,Okres Trenčín,Trenčiansky kraj,vysokých škôl,865
388,Ženy,Okres Trenčín,Trenčiansky kraj,Ostatní závislí,33
389,Ženy,Okres Trenčín,Trenčiansky kraj,s vl. zdrojom obživy,0
390,Muži,Okres Trnava,Trnavský kraj,na materskej dovolenke,4
391,Muži,Okres Trnava,Trnavský kraj,pracujúci dôhodcovia,1664
392,Muži,Okres Trnava,Trnavský kraj,pomáhajúci,5
393,Muži,Okres Trnava,Trnavský kraj,hľadajúci zamestnanie,2751
394,Muži,Okres Trnava,Trnavský kraj,iné,57921
395,Ženy,Okres Trnava,Trnavský kraj,na materskej dovolenke,7076
396,Ženy,Okres Trnava,Trnavský kraj,pracujúci dôhodcovia,1421
397,Ženy,Okres Trnava,Trnavský kraj,pomáhajúci,16
398,Ženy,Okres Trnava,Trnavský kraj,hľadajúci zamestnanie,2216
399,Ženy,Okres Trnava,Trnavský kraj,iné,51909
400,Muži,Okres Trnava,Trnavský kraj,dôchodcovia,15308
401,Muži,Okres Trnava,Trnavský kraj,Ženy v domácnosti,0
402,Muži,Okres Trnava,Trnavský kraj,Deti a žiaci ZŠ,27703
403,Muži,Okres Trnava,Trnavský kraj,učilíšť (SOU),4097
404,Muži,Okres Trnava,Trnavský kraj,stredných škôl,2993
405,Muži,Okres Trnava,Trnavský kraj,vysokých škôl,1468
406,Muži,Okres Trnava,Trnavský kraj,Ostatní závislí,153
407,Muži,Okres Trnava,Trnavský kraj,s vl. zdrojom obživy,0
408,Ženy,Okres Trnava,Trnavský kraj,dôchodcovia,27025
409,Ženy,Okres Trnava,Trnavský kraj,Ženy v domácnosti,2199
410,Ženy,Okres Trnava,Trnavský kraj,Deti a žiaci ZŠ,26648
411,Ženy,Okres Trnava,Trnavský kraj,učilíšť (SOU),2527
412,Ženy,Okres Trnava,Trnavský kraj,stredných škôl,4564
413,Ženy,Okres Trnava,Trnavský kraj,vysokých škôl,1168
414,Ženy,Okres Trnava,Trnavský kraj,Ostatní závislí,125
415,Ženy,Okres Trnava,Trnavský kraj,s vl. zdrojom obživy,1
416,Muži,Okres Banská Bystrica,Banskobystrický kraj,na materskej dovolenke,3
417,Muži,Okres Banská Bystrica,Banskobystrický kraj,pracujúci dôhodcovia,1407
418,Muži,Okres Banská Bystrica,Banskobystrický kraj,pomáhajúci,10
419,Muži,Okres Banská Bystrica,Banskobystrický kraj,hľadajúci zamestnanie,2090
420,Muži,Okres Banská Bystrica,Banskobystrický kraj,iné,44178
421,Ženy,Okres Banská Bystrica,Banskobystrický kraj,na materskej dovolenke,5547
422,Ženy,Okres Banská Bystrica,Banskobystrický kraj,pracujúci dôhodcovia,1708
423,Ženy,Okres Banská Bystrica,Banskobystrický kraj,pomáhajúci,9
424,Ženy,Okres Banská Bystrica,Banskobystrický kraj,hľadajúci zamestnanie,1744
425,Ženy,Okres Banská Bystrica,Banskobystrický kraj,iné,41518
426,Muži,Okres Banská Bystrica,Banskobystrický kraj,dôchodcovia,10874
427,Muži,Okres Banská Bystrica,Banskobystrický kraj,Ženy v domácnosti,0
428,Muži,Okres Banská Bystrica,Banskobystrický kraj,Deti a žiaci ZŠ,21073
429,Muži,Okres Banská Bystrica,Banskobystrický kraj,učilíšť (SOU),2770
430,Muži,Okres Banská Bystrica,Banskobystrický kraj,stredných škôl,2144
431,Muži,Okres Banská Bystrica,Banskobystrický kraj,vysokých škôl,1098
432,Muži,Okres Banská Bystrica,Banskobystrický kraj,Ostatní závislí,72
433,Muži,Okres Banská Bystrica,Banskobystrický kraj,s vl. zdrojom obživy,0
434,Ženy,Okres Banská Bystrica,Banskobystrický kraj,dôchodcovia,18759
435,Ženy,Okres Banská Bystrica,Banskobystrický kraj,Ženy v domácnosti,1228
436,Ženy,Okres Banská Bystrica,Banskobystrický kraj,Deti a žiaci ZŠ,20761
437,Ženy,Okres Banská Bystrica,Banskobystrický kraj,učilíšť (SOU),1772
438,Ženy,Okres Banská Bystrica,Banskobystrický kraj,stredných škôl,3283
439,Ženy,Okres Banská Bystrica,Banskobystrický kraj,vysokých škôl,955
440,Ženy,Okres Banská Bystrica,Banskobystrický kraj,Ostatní závislí,201
441,Ženy,Okres Banská Bystrica,Banskobystrický kraj,s vl. zdrojom obživy,0
442,Muži,Okres Čadca,Žilinský kraj,na materskej dovolenke,3
443,Muži,Okres Čadca,Žilinský kraj,pracujúci dôhodcovia,1198
444,Muži,Okres Čadca,Žilinský kraj,pomáhajúci,2
445,Muži,Okres Čadca,Žilinský kraj,hľadajúci zamestnanie,1829
446,Muži,Okres Čadca,Žilinský kraj,iné,30002
447,Ženy,Okres Čadca,Žilinský kraj,na materskej dovolenke,4357
448,Ženy,Okres Čadca,Žilinský kraj,pracujúci dôhodcovia,724
449,Ženy,Okres Čadca,Žilinský kraj,pomáhajúci,0
450,Ženy,Okres Čadca,Žilinský kraj,hľadajúci zamestnanie,998
451,Ženy,Okres Čadca,Žilinský kraj,iné,25457
452,Muži,Okres Čadca,Žilinský kraj,dôchodcovia,8298
453,Muži,Okres Čadca,Žilinský kraj,Ženy v domácnosti,0
454,Muži,Okres Čadca,Žilinský kraj,Deti a žiaci ZŠ,15892
455,Muži,Okres Čadca,Žilinský kraj,učilíšť (SOU),2552
456,Muži,Okres Čadca,Žilinský kraj,stredných škôl,1181
457,Muži,Okres Čadca,Žilinský kraj,vysokých škôl,513
458,Muži,Okres Čadca,Žilinský kraj,Ostatní závislí,55
459,Muži,Okres Čadca,Žilinský kraj,s vl. zdrojom obživy,1
460,Ženy,Okres Čadca,Žilinský kraj,dôchodcovia,13144
461,Ženy,Okres Čadca,Žilinský kraj,Ženy v domácnosti,1317
462,Ženy,Okres Čadca,Žilinský kraj,Deti a žiaci ZŠ,15210
463,Ženy,Okres Čadca,Žilinský kraj,učilíšť (SOU),1691
464,Ženy,Okres Čadca,Žilinský kraj,stredných škôl,2182
465,Ženy,Okres Čadca,Žilinský kraj,vysokých škôl,412
466,Ženy,Okres Čadca,Žilinský kraj,Ostatní závislí,29
467,Ženy,Okres Čadca,Žilinský kraj,s vl. zdrojom obživy,0
468,Muži,Okres Dolný Kubín,Žilinský kraj,na materskej dovolenke,2
469,Muži,Okres Dolný Kubín,Žilinský kraj,pracujúci dôhodcovia,752
470,Muži,Okres Dolný Kubín,Žilinský kraj,pomáhajúci,6
471,Muži,Okres Dolný Kubín,Žilinský kraj,hľadajúci zamestnanie,1034
472,Muži,Okres Dolný Kubín,Žilinský kraj,iné,29114
473,Ženy,Okres Dolný Kubín,Žilinský kraj,na materskej dovolenke,4951
474,Ženy,Okres Dolný Kubín,Žilinský kraj,pracujúci dôhodcovia,773
475,Ženy,Okres Dolný Kubín,Žilinský kraj,pomáhajúci,7
476,Ženy,Okres Dolný Kubín,Žilinský kraj,hľadajúci zamestnanie,477
477,Ženy,Okres Dolný Kubín,Žilinský kraj,iné,25887
478,Muži,Okres Dolný Kubín,Žilinský kraj,dôchodcovia,6246
479,Muži,Okres Dolný Kubín,Žilinský kraj,Ženy v domácnosti,0
480,Muži,Okres Dolný Kubín,Žilinský kraj,Deti a žiaci ZŠ,18148
481,Muži,Okres Dolný Kubín,Žilinský kraj,učilíšť (SOU),2482
482,Muži,Okres Dolný Kubín,Žilinský kraj,stredných škôl,1373
483,Muži,Okres Dolný Kubín,Žilinský kraj,vysokých škôl,601
484,Muži,Okres Dolný Kubín,Žilinský kraj,Ostatní závislí,245
485,Muži,Okres Dolný Kubín,Žilinský kraj,s vl. zdrojom obživy,0
486,Ženy,Okres Dolný Kubín,Žilinský kraj,dôchodcovia,10066
487,Ženy,Okres Dolný Kubín,Žilinský kraj,Ženy v domácnosti,482
488,Ženy,Okres Dolný Kubín,Žilinský kraj,Deti a žiaci ZŠ,17216
489,Ženy,Okres Dolný Kubín,Žilinský kraj,učilíšť (SOU),1700
490,Ženy,Okres Dolný Kubín,Žilinský kraj,stredných škôl,2191
491,Ženy,Okres Dolný Kubín,Žilinský kraj,vysokých škôl,531
492,Ženy,Okres Dolný Kubín,Žilinský kraj,Ostatní závislí,31
493,Ženy,Okres Dolný Kubín,Žilinský kraj,s vl. zdrojom obživy,0
494,Muži,Okres Liptovský Mikuláš,Žilinský kraj,na materskej dovolenke,1
495,Muži,Okres Liptovský Mikuláš,Žilinský kraj,pracujúci dôhodcovia,1107
496,Muži,Okres Liptovský Mikuláš,Žilinský kraj,pomáhajúci,4
497,Muži,Okres Liptovský Mikuláš,Žilinský kraj,hľadajúci zamestnanie,1227
498,Muži,Okres Liptovský Mikuláš,Žilinský kraj,iné,32481
499,Ženy,Okres Liptovský Mikuláš,Žilinský kraj,na materskej dovolenke,4054
500,Ženy,Okres Liptovský Mikuláš,Žilinský kraj,pracujúci dôhodcovia,1409
501,Ženy,Okres Liptovský Mikuláš,Žilinský kraj,pomáhajúci,2
502,Ženy,Okres Liptovský Mikuláš,Žilinský kraj,hľadajúci zamestnanie,752
503,Ženy,Okres Liptovský Mikuláš,Žilinský kraj,iné,29879
504,Muži,Okres Liptovský Mikuláš,Žilinský kraj,dôchodcovia,9136
505,Muži,Okres Liptovský Mikuláš,Žilinský kraj,Ženy v domácnosti,0
506,Muži,Okres Liptovský Mikuláš,Žilinský kraj,Deti a žiaci ZŠ,15858
507,Muži,Okres Liptovský Mikuláš,Žilinský kraj,učilíšť (SOU),2276
508,Muži,Okres Liptovský Mikuláš,Žilinský kraj,stredných škôl,1402
509,Muži,Okres Liptovský Mikuláš,Žilinský kraj,vysokých škôl,789
510,Muži,Okres Liptovský Mikuláš,Žilinský kraj,Ostatní závislí,116
511,Muži,Okres Liptovský Mikuláš,Žilinský kraj,s vl. zdrojom obživy,0
512,Ženy,Okres Liptovský Mikuláš,Žilinský kraj,dôchodcovia,15210
513,Ženy,Okres Liptovský Mikuláš,Žilinský kraj,Ženy v domácnosti,783
514,Ženy,Okres Liptovský Mikuláš,Žilinský kraj,Deti a žiaci ZŠ,15101
515,Ženy,Okres Liptovský Mikuláš,Žilinský kraj,učilíšť (SOU),1568
516,Ženy,Okres Liptovský Mikuláš,Žilinský kraj,stredných škôl,2101
517,Ženy,Okres Liptovský Mikuláš,Žilinský kraj,vysokých škôl,645
518,Ženy,Okres Liptovský Mikuláš,Žilinský kraj,Ostatní závislí,26
519,Ženy,Okres Liptovský Mikuláš,Žilinský kraj,s vl. zdrojom obživy,0
520,Muži,Okres Lučenec,Banskobystrický kraj,na materskej dovolenke,3
521,Muži,Okres Lučenec,Banskobystrický kraj,pracujúci dôhodcovia,1114
522,Muži,Okres Lučenec,Banskobystrický kraj,pomáhajúci,5
523,Muži,Okres Lučenec,Banskobystrický kraj,hľadajúci zamestnanie,1397
524,Muži,Okres Lučenec,Banskobystrický kraj,iné,22126
525,Ženy,Okres Lučenec,Banskobystrický kraj,na materskej dovolenke,2513
526,Ženy,Okres Lučenec,Banskobystrický kraj,pracujúci dôhodcovia,879
527,Ženy,Okres Lučenec,Banskobystrický kraj,pomáhajúci,7
528,Ženy,Okres Lučenec,Banskobystrický kraj,hľadajúci zamestnanie,821
529,Ženy,Okres Lučenec,Banskobystrický kraj,iné,19839
530,Muži,Okres Lučenec,Banskobystrický kraj,dôchodcovia,7886
531,Muži,Okres Lučenec,Banskobystrický kraj,Ženy v domácnosti,0
532,Muži,Okres Lučenec,Banskobystrický kraj,Deti a žiaci ZŠ,10939
533,Muži,Okres Lučenec,Banskobystrický kraj,učilíšť (SOU),1324
534,Muži,Okres Lučenec,Banskobystrický kraj,stredných škôl,914
535,Muži,Okres Lučenec,Banskobystrický kraj,vysokých škôl,386
536,Muži,Okres Lučenec,Banskobystrický kraj,Ostatní závislí,213
537,Muži,Okres Lučenec,Banskobystrický kraj,s vl. zdrojom obživy,0
538,Ženy,Okres Lučenec,Banskobystrický kraj,dôchodcovia,13269
539,Ženy,Okres Lučenec,Banskobystrický kraj,Ženy v domácnosti,1527
540,Ženy,Okres Lučenec,Banskobystrický kraj,Deti a žiaci ZŠ,10751
541,Ženy,Okres Lučenec,Banskobystrický kraj,učilíšť (SOU),804
542,Ženy,Okres Lučenec,Banskobystrický kraj,stredných škôl,1400
543,Ženy,Okres Lučenec,Banskobystrický kraj,vysokých škôl,367
544,Ženy,Okres Lučenec,Banskobystrický kraj,Ostatní závislí,21
545,Ženy,Okres Lučenec,Banskobystrický kraj,s vl. zdrojom obživy,0
546,Muži,Okres Martin,Žilinský kraj,na materskej dovolenke,0
547,Muži,Okres Martin,Žilinský kraj,pracujúci dôhodcovia,1094
548,Muži,Okres Martin,Žilinský kraj,pomáhajúci,0
549,Muži,Okres Martin,Žilinský kraj,hľadajúci zamestnanie,900
550,Muži,Okres Martin,Žilinský kraj,iné,28765
551,Ženy,Okres Martin,Žilinský kraj,na materskej dovolenke,3416
552,Ženy,Okres Martin,Žilinský kraj,pracujúci dôhodcovia,958
553,Ženy,Okres Martin,Žilinský kraj,pomáhajúci,5
554,Ženy,Okres Martin,Žilinský kraj,hľadajúci zamestnanie,680
555,Ženy,Okres Martin,Žilinský kraj,iné,26092
556,Muži,Okres Martin,Žilinský kraj,dôchodcovia,7194
557,Muži,Okres Martin,Žilinský kraj,Ženy v domácnosti,0
558,Muži,Okres Martin,Žilinský kraj,Deti a žiaci ZŠ,13591
559,Muži,Okres Martin,Žilinský kraj,učilíšť (SOU),2069
560,Muži,Okres Martin,Žilinský kraj,stredných škôl,1215
561,Muži,Okres Martin,Žilinský kraj,vysokých škôl,735
562,Muži,Okres Martin,Žilinský kraj,Ostatní závislí,34
563,Muži,Okres Martin,Žilinský kraj,s vl. zdrojom obživy,0
564,Ženy,Okres Martin,Žilinský kraj,dôchodcovia,12066
565,Ženy,Okres Martin,Žilinský kraj,Ženy v domácnosti,457
566,Ženy,Okres Martin,Žilinský kraj,Deti a žiaci ZŠ,13118
567,Ženy,Okres Martin,Žilinský kraj,učilíšť (SOU),1338
568,Ženy,Okres Martin,Žilinský kraj,stredných škôl,1968
569,Ženy,Okres Martin,Žilinský kraj,vysokých škôl,672
570,Ženy,Okres Martin,Žilinský kraj,Ostatní závislí,35
571,Ženy,Okres Martin,Žilinský kraj,s vl. zdrojom obživy,0
572,Muži,Okres Považská Bystrica,Trenčiansky kraj,na materskej dovolenke,2
573,Muži,Okres Považská Bystrica,Trenčiansky kraj,pracujúci dôhodcovia,912
574,Muži,Okres Považská Bystrica,Trenčiansky kraj,pomáhajúci,3
575,Muži,Okres Považská Bystrica,Trenčiansky kraj,hľadajúci zamestnanie,1380
576,Muži,Okres Považská Bystrica,Trenčiansky kraj,iné,42967
577,Ženy,Okres Považská Bystrica,Trenčiansky kraj,na materskej dovolenke,5942
578,Ženy,Okres Považská Bystrica,Trenčiansky kraj,pracujúci dôhodcovia,846
579,Ženy,Okres Považská Bystrica,Trenčiansky kraj,pomáhajúci,2
580,Ženy,Okres Považská Bystrica,Trenčiansky kraj,hľadajúci zamestnanie,744
581,Ženy,Okres Považská Bystrica,Trenčiansky kraj,iné,38116
582,Muži,Okres Považská Bystrica,Trenčiansky kraj,dôchodcovia,10931
583,Muži,Okres Považská Bystrica,Trenčiansky kraj,Ženy v domácnosti,0
584,Muži,Okres Považská Bystrica,Trenčiansky kraj,Deti a žiaci ZŠ,21865
585,Muži,Okres Považská Bystrica,Trenčiansky kraj,učilíšť (SOU),3337
586,Muži,Okres Považská Bystrica,Trenčiansky kraj,stredných škôl,1469
587,Muži,Okres Považská Bystrica,Trenčiansky kraj,vysokých škôl,841
588,Muži,Okres Považská Bystrica,Trenčiansky kraj,Ostatní závislí,40
589,Muži,Okres Považská Bystrica,Trenčiansky kraj,s vl. zdrojom obživy,0
590,Ženy,Okres Považská Bystrica,Trenčiansky kraj,dôchodcovia,18275
591,Ženy,Okres Považská Bystrica,Trenčiansky kraj,Ženy v domácnosti,879
592,Ženy,Okres Považská Bystrica,Trenčiansky kraj,Deti a žiaci ZŠ,20946
593,Ženy,Okres Považská Bystrica,Trenčiansky kraj,učilíšť (SOU),2160
594,Ženy,Okres Považská Bystrica,Trenčiansky kraj,stredných škôl,2609
595,Ženy,Okres Považská Bystrica,Trenčiansky kraj,vysokých škôl,812
596,Ženy,Okres Považská Bystrica,Trenčiansky kraj,Ostatní závislí,49
597,Ženy,Okres Považská Bystrica,Trenčiansky kraj,s vl. zdrojom obživy,0
598,Muži,Okres Prievidza,Trenčiansky kraj,na materskej dovolenke,2
599,Muži,Okres Prievidza,Trenčiansky kraj,pracujúci dôhodcovia,1828
600,Muži,Okres Prievidza,Trenčiansky kraj,pomáhajúci,3
601,Muži,Okres Prievidza,Trenčiansky kraj,hľadajúci zamestnanie,978
602,Muži,Okres Prievidza,Trenčiansky kraj,iné,34031
603,Ženy,Okres Prievidza,Trenčiansky kraj,na materskej dovolenke,4463
604,Ženy,Okres Prievidza,Trenčiansky kraj,pracujúci dôhodcovia,933
605,Ženy,Okres Prievidza,Trenčiansky kraj,pomáhajúci,3
606,Ženy,Okres Prievidza,Trenčiansky kraj,hľadajúci zamestnanie,875
607,Ženy,Okres Prievidza,Trenčiansky kraj,iné,29961
608,Muži,Okres Prievidza,Trenčiansky kraj,dôchodcovia,9790
609,Muži,Okres Prievidza,Trenčiansky kraj,Ženy v domácnosti,0
610,Muži,Okres Prievidza,Trenčiansky kraj,Deti a žiaci ZŠ,17584
611,Muži,Okres Prievidza,Trenčiansky kraj,učilíšť (SOU),2520
612,Muži,Okres Prievidza,Trenčiansky kraj,stredných škôl,1380
613,Muži,Okres Prievidza,Trenčiansky kraj,vysokých škôl,679
614,Muži,Okres Prievidza,Trenčiansky kraj,Ostatní závislí,17
615,Muži,Okres Prievidza,Trenčiansky kraj,s vl. zdrojom obživy,0
616,Ženy,Okres Prievidza,Trenčiansky kraj,dôchodcovia,14931
617,Ženy,Okres Prievidza,Trenčiansky kraj,Ženy v domácnosti,1739
618,Ženy,Okres Prievidza,Trenčiansky kraj,Deti a žiaci ZŠ,16823
619,Ženy,Okres Prievidza,Trenčiansky kraj,učilíšť (SOU),1601
620,Ženy,Okres Prievidza,Trenčiansky kraj,stredných škôl,2138
621,Ženy,Okres Prievidza,Trenčiansky kraj,vysokých škôl,705
622,Ženy,Okres Prievidza,Trenčiansky kraj,Ostatní závislí,18
623,Ženy,Okres Prievidza,Trenčiansky kraj,s vl. zdrojom obživy,0
624,Muži,Okres Rimavská Sobota,Banskobystrický kraj,na materskej dovolenke,1
625,Muži,Okres Rimavská Sobota,Banskobystrický kraj,pracujúci dôhodcovia,1016
626,Muži,Okres Rimavská Sobota,Banskobystrický kraj,pomáhajúci,1
627,Muži,Okres Rimavská Sobota,Banskobystrický kraj,hľadajúci zamestnanie,2053
628,Muži,Okres Rimavská Sobota,Banskobystrický kraj,iné,21842
629,Ženy,Okres Rimavská Sobota,Banskobystrický kraj,na materskej dovolenke,2337
630,Ženy,Okres Rimavská Sobota,Banskobystrický kraj,pracujúci dôhodcovia,848
631,Ženy,Okres Rimavská Sobota,Banskobystrický kraj,pomáhajúci,4
632,Ženy,Okres Rimavská Sobota,Banskobystrický kraj,hľadajúci zamestnanie,1041
633,Ženy,Okres Rimavská Sobota,Banskobystrický kraj,iné,18770
634,Muži,Okres Rimavská Sobota,Banskobystrický kraj,dôchodcovia,8051
635,Muži,Okres Rimavská Sobota,Banskobystrický kraj,Ženy v domácnosti,0
636,Muži,Okres Rimavská Sobota,Banskobystrický kraj,Deti a žiaci ZŠ,12246
637,Muži,Okres Rimavská Sobota,Banskobystrický kraj,učilíšť (SOU),1350
638,Muži,Okres Rimavská Sobota,Banskobystrický kraj,stredných škôl,988
639,Muži,Okres Rimavská Sobota,Banskobystrický kraj,vysokých škôl,333
640,Muži,Okres Rimavská Sobota,Banskobystrický kraj,Ostatní závislí,69
641,Muži,Okres Rimavská Sobota,Banskobystrický kraj,s vl. zdrojom obživy,0
642,Ženy,Okres Rimavská Sobota,Banskobystrický kraj,dôchodcovia,13613
643,Ženy,Okres Rimavská Sobota,Banskobystrický kraj,Ženy v domácnosti,2483
644,Ženy,Okres Rimavská Sobota,Banskobystrický kraj,Deti a žiaci ZŠ,11635
645,Ženy,Okres Rimavská Sobota,Banskobystrický kraj,učilíšť (SOU),852
646,Ženy,Okres Rimavská Sobota,Banskobystrický kraj,stredných škôl,1418
647,Ženy,Okres Rimavská Sobota,Banskobystrický kraj,vysokých škôl,323
648,Ženy,Okres Rimavská Sobota,Banskobystrický kraj,Ostatní závislí,51
649,Ženy,Okres Rimavská Sobota,Banskobystrický kraj,s vl. zdrojom obživy,0
650,Muži,Okres Veľký Krtíš,Banskobystrický kraj,na materskej dovolenke,0
651,Muži,Okres Veľký Krtíš,Banskobystrický kraj,pracujúci dôhodcovia,504
652,Muži,Okres Veľký Krtíš,Banskobystrický kraj,pomáhajúci,3
653,Muži,Okres Veľký Krtíš,Banskobystrický kraj,hľadajúci zamestnanie,538
654,Muži,Okres Veľký Krtíš,Banskobystrický kraj,iné,11165
655,Ženy,Okres Veľký Krtíš,Banskobystrický kraj,na materskej dovolenke,1225
656,Ženy,Okres Veľký Krtíš,Banskobystrický kraj,pracujúci dôhodcovia,347
657,Ženy,Okres Veľký Krtíš,Banskobystrický kraj,pomáhajúci,7
658,Ženy,Okres Veľký Krtíš,Banskobystrický kraj,hľadajúci zamestnanie,400
659,Ženy,Okres Veľký Krtíš,Banskobystrický kraj,iné,9561
660,Muži,Okres Veľký Krtíš,Banskobystrický kraj,dôchodcovia,3941
661,Muži,Okres Veľký Krtíš,Banskobystrický kraj,Ženy v domácnosti,0
662,Muži,Okres Veľký Krtíš,Banskobystrický kraj,Deti a žiaci ZŠ,5364
663,Muži,Okres Veľký Krtíš,Banskobystrický kraj,učilíšť (SOU),665
664,Muži,Okres Veľký Krtíš,Banskobystrický kraj,stredných škôl,469
665,Muži,Okres Veľký Krtíš,Banskobystrický kraj,vysokých škôl,147
666,Muži,Okres Veľký Krtíš,Banskobystrický kraj,Ostatní závislí,38
667,Muži,Okres Veľký Krtíš,Banskobystrický kraj,s vl. zdrojom obživy,0
668,Ženy,Okres Veľký Krtíš,Banskobystrický kraj,dôchodcovia,6281
669,Ženy,Okres Veľký Krtíš,Banskobystrický kraj,Ženy v domácnosti,927
670,Ženy,Okres Veľký Krtíš,Banskobystrický kraj,Deti a žiaci ZŠ,5153
671,Ženy,Okres Veľký Krtíš,Banskobystrický kraj,učilíšť (SOU),437
672,Ženy,Okres Veľký Krtíš,Banskobystrický kraj,stredných škôl,707
673,Ženy,Okres Veľký Krtíš,Banskobystrický kraj,vysokých škôl,119
674,Ženy,Okres Veľký Krtíš,Banskobystrický kraj,Ostatní závislí,40
675,Ženy,Okres Veľký Krtíš,Banskobystrický kraj,s vl. zdrojom obživy,0
676,Muži,Okres Zvolen,Banskobystrický kraj,na materskej dovolenke,0
677,Muži,Okres Zvolen,Banskobystrický kraj,pracujúci dôhodcovia,1136
678,Muži,Okres Zvolen,Banskobystrický kraj,pomáhajúci,6
679,Muži,Okres Zvolen,Banskobystrický kraj,hľadajúci zamestnanie,1243
680,Muži,Okres Zvolen,Banskobystrický kraj,iné,30095
681,Ženy,Okres Zvolen,Banskobystrický kraj,na materskej dovolenke,3537
682,Ženy,Okres Zvolen,Banskobystrický kraj,pracujúci dôhodcovia,1210
683,Ženy,Okres Zvolen,Banskobystrický kraj,pomáhajúci,16
684,Ženy,Okres Zvolen,Banskobystrický kraj,hľadajúci zamestnanie,839
685,Ženy,Okres Zvolen,Banskobystrický kraj,iné,27445
686,Muži,Okres Zvolen,Banskobystrický kraj,dôchodcovia,8310
687,Muži,Okres Zvolen,Banskobystrický kraj,Ženy v domácnosti,0
688,Muži,Okres Zvolen,Banskobystrický kraj,Deti a žiaci ZŠ,14134
689,Muži,Okres Zvolen,Banskobystrický kraj,učilíšť (SOU),1796
690,Muži,Okres Zvolen,Banskobystrický kraj,stredných škôl,1505
691,Muži,Okres Zvolen,Banskobystrický kraj,vysokých škôl,676
692,Muži,Okres Zvolen,Banskobystrický kraj,Ostatní závislí,95
693,Muži,Okres Zvolen,Banskobystrický kraj,s vl. zdrojom obživy,0
694,Ženy,Okres Zvolen,Banskobystrický kraj,dôchodcovia,14293
695,Ženy,Okres Zvolen,Banskobystrický kraj,Ženy v domácnosti,949
696,Ženy,Okres Zvolen,Banskobystrický kraj,Deti a žiaci ZŠ,13556
697,Ženy,Okres Zvolen,Banskobystrický kraj,učilíšť (SOU),1128
698,Ženy,Okres Zvolen,Banskobystrický kraj,stredných škôl,2258
699,Ženy,Okres Zvolen,Banskobystrický kraj,vysokých škôl,592
700,Ženy,Okres Zvolen,Banskobystrický kraj,Ostatní závislí,36
701,Ženy,Okres Zvolen,Banskobystrický kraj,s vl. zdrojom obživy,0
702,Muži,Okres Žiar nad Hronom,Banskobystrický kraj,na materskej dovolenke,3
703,Muži,Okres Žiar nad Hronom,Banskobystrický kraj,pracujúci dôhodcovia,1157
704,Muži,Okres Žiar nad Hronom,Banskobystrický kraj,pomáhajúci,2
705,Muži,Okres Žiar nad Hronom,Banskobystrický kraj,hľadajúci zamestnanie,719
706,Muži,Okres Žiar nad Hronom,Banskobystrický kraj,iné,22373
707,Ženy,Okres Žiar nad Hronom,Banskobystrický kraj,na materskej dovolenke,2833
708,Ženy,Okres Žiar nad Hronom,Banskobystrický kraj,pracujúci dôhodcovia,972
709,Ženy,Okres Žiar nad Hronom,Banskobystrický kraj,pomáhajúci,8
710,Ženy,Okres Žiar nad Hronom,Banskobystrický kraj,hľadajúci zamestnanie,512
711,Ženy,Okres Žiar nad Hronom,Banskobystrický kraj,iné,20079
712,Muži,Okres Žiar nad Hronom,Banskobystrický kraj,dôchodcovia,7388
713,Muži,Okres Žiar nad Hronom,Banskobystrický kraj,Ženy v domácnosti,0
714,Muži,Okres Žiar nad Hronom,Banskobystrický kraj,Deti a žiaci ZŠ,11167
715,Muži,Okres Žiar nad Hronom,Banskobystrický kraj,učilíšť (SOU),1554
716,Muži,Okres Žiar nad Hronom,Banskobystrický kraj,stredných škôl,1023
717,Muži,Okres Žiar nad Hronom,Banskobystrický kraj,vysokých škôl,439
718,Muži,Okres Žiar nad Hronom,Banskobystrický kraj,Ostatní závislí,25
719,Muži,Okres Žiar nad Hronom,Banskobystrický kraj,s vl. zdrojom obživy,0
720,Ženy,Okres Žiar nad Hronom,Banskobystrický kraj,dôchodcovia,12131
721,Ženy,Okres Žiar nad Hronom,Banskobystrický kraj,Ženy v domácnosti,643
722,Ženy,Okres Žiar nad Hronom,Banskobystrický kraj,Deti a žiaci ZŠ,10827
723,Ženy,Okres Žiar nad Hronom,Banskobystrický kraj,učilíšť (SOU),955
724,Ženy,Okres Žiar nad Hronom,Banskobystrický kraj,stredných škôl,1651
725,Ženy,Okres Žiar nad Hronom,Banskobystrický kraj,vysokých škôl,408
726,Ženy,Okres Žiar nad Hronom,Banskobystrický kraj,Ostatní závislí,19
727,Ženy,Okres Žiar nad Hronom,Banskobystrický kraj,s vl. zdrojom obživy,0
728,Muži,Okres Žilina,Žilinský kraj,na materskej dovolenke,0
729,Muži,Okres Žilina,Žilinský kraj,pracujúci dôhodcovia,1473
730,Muži,Okres Žilina,Žilinský kraj,pomáhajúci,5
731,Muži,Okres Žilina,Žilinský kraj,hľadajúci zamestnanie,2099
732,Muži,Okres Žilina,Žilinský kraj,iné,44928
733,Ženy,Okres Žilina,Žilinský kraj,na materskej dovolenke,6181
734,Ženy,Okres Žilina,Žilinský kraj,pracujúci dôhodcovia,1312
735,Ženy,Okres Žilina,Žilinský kraj,pomáhajúci,13
736,Ženy,Okres Žilina,Žilinský kraj,hľadajúci zamestnanie,1405
737,Ženy,Okres Žilina,Žilinský kraj,iné,40586
738,Muži,Okres Žilina,Žilinský kraj,dôchodcovia,11284
739,Muži,Okres Žilina,Žilinský kraj,Ženy v domácnosti,0
740,Muži,Okres Žilina,Žilinský kraj,Deti a žiaci ZŠ,22716
741,Muži,Okres Žilina,Žilinský kraj,učilíšť (SOU),3287
742,Muži,Okres Žilina,Žilinský kraj,stredných škôl,2052
743,Muži,Okres Žilina,Žilinský kraj,vysokých škôl,1223
744,Muži,Okres Žilina,Žilinský kraj,Ostatní závislí,56
745,Muži,Okres Žilina,Žilinský kraj,s vl. zdrojom obživy,0
746,Ženy,Okres Žilina,Žilinský kraj,dôchodcovia,19978
747,Ženy,Okres Žilina,Žilinský kraj,Ženy v domácnosti,947
748,Ženy,Okres Žilina,Žilinský kraj,Deti a žiaci ZŠ,22090
749,Ženy,Okres Žilina,Žilinský kraj,učilíšť (SOU),2252
750,Ženy,Okres Žilina,Žilinský kraj,stredných škôl,3046
751,Ženy,Okres Žilina,Žilinský kraj,vysokých škôl,1016
752,Ženy,Okres Žilina,Žilinský kraj,Ostatní závislí,96
753,Ženy,Okres Žilina,Žilinský kraj,s vl. zdrojom obživy,0
754,Muži,Okres Bardejov,Prešovský kraj,na materskej dovolenke,0
755,Muži,Okres Bardejov,Prešovský kraj,pracujúci dôhodcovia,392
756,Muži,Okres Bardejov,Prešovský kraj,pomáhajúci,0
757,Muži,Okres Bardejov,Prešovský kraj,hľadajúci zamestnanie,1025
758,Muži,Okres Bardejov,Prešovský kraj,iné,18646
759,Ženy,Okres Bardejov,Prešovský kraj,na materskej dovolenke,2589
760,Ženy,Okres Bardejov,Prešovský kraj,pracujúci dôhodcovia,345
761,Ženy,Okres Bardejov,Prešovský kraj,pomáhajúci,4
762,Ženy,Okres Bardejov,Prešovský kraj,hľadajúci zamestnanie,594
763,Ženy,Okres Bardejov,Prešovský kraj,iné,16878
764,Muži,Okres Bardejov,Prešovský kraj,dôchodcovia,5206
765,Muži,Okres Bardejov,Prešovský kraj,Ženy v domácnosti,0
766,Muži,Okres Bardejov,Prešovský kraj,Deti a žiaci ZŠ,11304
767,Muži,Okres Bardejov,Prešovský kraj,učilíšť (SOU),1320
768,Muži,Okres Bardejov,Prešovský kraj,stredných škôl,813
769,Muži,Okres Bardejov,Prešovský kraj,vysokých škôl,445
770,Muži,Okres Bardejov,Prešovský kraj,Ostatní závislí,62
771,Muži,Okres Bardejov,Prešovský kraj,s vl. zdrojom obživy,0
772,Ženy,Okres Bardejov,Prešovský kraj,dôchodcovia,8232
773,Ženy,Okres Bardejov,Prešovský kraj,Ženy v domácnosti,514
774,Ženy,Okres Bardejov,Prešovský kraj,Deti a žiaci ZŠ,10802
775,Ženy,Okres Bardejov,Prešovský kraj,učilíšť (SOU),841
776,Ženy,Okres Bardejov,Prešovský kraj,stredných škôl,1267
777,Ženy,Okres Bardejov,Prešovský kraj,vysokých škôl,329
778,Ženy,Okres Bardejov,Prešovský kraj,Ostatní závislí,23
779,Ženy,Okres Bardejov,Prešovský kraj,s vl. zdrojom obživy,0
780,Muži,Okres Humenné,Prešovský kraj,na materskej dovolenke,0
781,Muži,Okres Humenné,Prešovský kraj,pracujúci dôhodcovia,559
782,Muži,Okres Humenné,Prešovský kraj,pomáhajúci,0
783,Muži,Okres Humenné,Prešovský kraj,hľadajúci zamestnanie,1154
784,Muži,Okres Humenné,Prešovský kraj,iné,27560
785,Ženy,Okres Humenné,Prešovský kraj,na materskej dovolenke,3484
786,Ženy,Okres Humenné,Prešovský kraj,pracujúci dôhodcovia,616
787,Ženy,Okres Humenné,Prešovský kraj,pomáhajúci,20
788,Ženy,Okres Humenné,Prešovský kraj,hľadajúci zamestnanie,716
789,Ženy,Okres Humenné,Prešovský kraj,iné,24140
790,Muži,Okres Humenné,Prešovský kraj,dôchodcovia,7550
791,Muži,Okres Humenné,Prešovský kraj,Ženy v domácnosti,0
792,Muži,Okres Humenné,Prešovský kraj,Deti a žiaci ZŠ,14756
793,Muži,Okres Humenné,Prešovský kraj,učilíšť (SOU),1825
794,Muži,Okres Humenné,Prešovský kraj,stredných škôl,1241
795,Muži,Okres Humenné,Prešovský kraj,vysokých škôl,740
796,Muži,Okres Humenné,Prešovský kraj,Ostatní závislí,36
797,Muži,Okres Humenné,Prešovský kraj,s vl. zdrojom obživy,0
798,Ženy,Okres Humenné,Prešovský kraj,dôchodcovia,12247
799,Ženy,Okres Humenné,Prešovský kraj,Ženy v domácnosti,1034
800,Ženy,Okres Humenné,Prešovský kraj,Deti a žiaci ZŠ,14113
801,Ženy,Okres Humenné,Prešovský kraj,učilíšť (SOU),1128
802,Ženy,Okres Humenné,Prešovský kraj,stredných škôl,1830
803,Ženy,Okres Humenné,Prešovský kraj,vysokých škôl,682
804,Ženy,Okres Humenné,Prešovský kraj,Ostatní závislí,120
805,Ženy,Okres Humenné,Prešovský kraj,s vl. zdrojom obživy,0
806,Muži,Okres Košice - mesto,Košický kraj,na materskej dovolenke,4
807,Muži,Okres Košice - mesto,Košický kraj,pracujúci dôhodcovia,1729
808,Muži,Okres Košice - mesto,Košický kraj,pomáhajúci,4
809,Muži,Okres Košice - mesto,Košický kraj,hľadajúci zamestnanie,3380
810,Muži,Okres Košice - mesto,Košický kraj,iné,57070
811,Ženy,Okres Košice - mesto,Košický kraj,na materskej dovolenke,7281
812,Ženy,Okres Košice - mesto,Košický kraj,pracujúci dôhodcovia,1609
813,Ženy,Okres Košice - mesto,Košický kraj,pomáhajúci,8
814,Ženy,Okres Košice - mesto,Košický kraj,hľadajúci zamestnanie,2866
815,Ženy,Okres Košice - mesto,Košický kraj,iné,55920
816,Muži,Okres Košice - mesto,Košický kraj,dôchodcovia,11608
817,Muži,Okres Košice - mesto,Košický kraj,Ženy v domácnosti,0
818,Muži,Okres Košice - mesto,Košický kraj,Deti a žiaci ZŠ,30154
819,Muži,Okres Košice - mesto,Košický kraj,učilíšť (SOU),3514
820,Muži,Okres Košice - mesto,Košický kraj,stredných škôl,3355
821,Muži,Okres Košice - mesto,Košický kraj,vysokých škôl,2328
822,Muži,Okres Košice - mesto,Košický kraj,Ostatní závislí,130
823,Muži,Okres Košice - mesto,Košický kraj,s vl. zdrojom obživy,0
824,Ženy,Okres Košice - mesto,Košický kraj,dôchodcovia,20860
825,Ženy,Okres Košice - mesto,Košický kraj,Ženy v domácnosti,2969
826,Ženy,Okres Košice - mesto,Košický kraj,Deti a žiaci ZŠ,28748
827,Ženy,Okres Košice - mesto,Košický kraj,učilíšť (SOU),1989
828,Ženy,Okres Košice - mesto,Košický kraj,stredných škôl,4798
829,Ženy,Okres Košice - mesto,Košický kraj,vysokých škôl,2004
830,Ženy,Okres Košice - mesto,Košický kraj,Ostatní závislí,117
831,Ženy,Okres Košice - mesto,Košický kraj,s vl. zdrojom obživy,0
832,Muži,Okres Košice - vidiek,Košický kraj,na materskej dovolenke,1
833,Muži,Okres Košice - vidiek,Košický kraj,pracujúci dôhodcovia,1014
834,Muži,Okres Košice - vidiek,Košický kraj,pomáhajúci,4
835,Muži,Okres Košice - vidiek,Košický kraj,hľadajúci zamestnanie,1531
836,Muži,Okres Košice - vidiek,Košický kraj,iné,24063
837,Ženy,Okres Košice - vidiek,Košický kraj,na materskej dovolenke,2725
838,Ženy,Okres Košice - vidiek,Košický kraj,pracujúci dôhodcovia,829
839,Ženy,Okres Košice - vidiek,Košický kraj,pomáhajúci,3
840,Ženy,Okres Košice - vidiek,Košický kraj,hľadajúci zamestnanie,813
841,Ženy,Okres Košice - vidiek,Košický kraj,iné,18994
842,Muži,Okres Košice - vidiek,Košický kraj,dôchodcovia,6852
843,Muži,Okres Košice - vidiek,Košický kraj,Ženy v domácnosti,0
844,Muži,Okres Košice - vidiek,Košický kraj,Deti a žiaci ZŠ,13015
845,Muži,Okres Košice - vidiek,Košický kraj,učilíšť (SOU),1621
846,Muži,Okres Košice - vidiek,Košický kraj,stredných škôl,849
847,Muži,Okres Košice - vidiek,Košický kraj,vysokých škôl,295
848,Muži,Okres Košice - vidiek,Košický kraj,Ostatní závislí,289
849,Muži,Okres Košice - vidiek,Košický kraj,s vl. zdrojom obživy,0
850,Ženy,Okres Košice - vidiek,Košický kraj,dôchodcovia,11254
851,Ženy,Okres Košice - vidiek,Košický kraj,Ženy v domácnosti,2778
852,Ženy,Okres Košice - vidiek,Košický kraj,Deti a žiaci ZŠ,12304
853,Ženy,Okres Košice - vidiek,Košický kraj,učilíšť (SOU),959
854,Ženy,Okres Košice - vidiek,Košický kraj,stredných škôl,1499
855,Ženy,Okres Košice - vidiek,Košický kraj,vysokých škôl,294
856,Ženy,Okres Košice - vidiek,Košický kraj,Ostatní závislí,31
857,Ženy,Okres Košice - vidiek,Košický kraj,s vl. zdrojom obživy,1
858,Muži,Okres Michalovce,Košický kraj,na materskej dovolenke,2
859,Muži,Okres Michalovce,Košický kraj,pracujúci dôhodcovia,840
860,Muži,Okres Michalovce,Košický kraj,pomáhajúci,13
861,Muži,Okres Michalovce,Košický kraj,hľadajúci zamestnanie,2231
862,Muži,Okres Michalovce,Košický kraj,iné,25072
863,Ženy,Okres Michalovce,Košický kraj,na materskej dovolenke,3083
864,Ženy,Okres Michalovce,Košický kraj,pracujúci dôhodcovia,830
865,Ženy,Okres Michalovce,Košický kraj,pomáhajúci,15
866,Ženy,Okres Michalovce,Košický kraj,hľadajúci zamestnanie,1129
867,Ženy,Okres Michalovce,Košický kraj,iné,22428
868,Muži,Okres Michalovce,Košický kraj,dôchodcovia,8330
869,Muži,Okres Michalovce,Košický kraj,Ženy v domácnosti,0
870,Muži,Okres Michalovce,Košický kraj,Deti a žiaci ZŠ,14089
871,Muži,Okres Michalovce,Košický kraj,učilíšť (SOU),1649
872,Muži,Okres Michalovce,Košický kraj,stredných škôl,1281
873,Muži,Okres Michalovce,Košický kraj,vysokých škôl,618
874,Muži,Okres Michalovce,Košický kraj,Ostatní závislí,48
875,Muži,Okres Michalovce,Košický kraj,s vl. zdrojom obživy,0
876,Ženy,Okres Michalovce,Košický kraj,dôchodcovia,14037
877,Ženy,Okres Michalovce,Košický kraj,Ženy v domácnosti,1817
878,Ženy,Okres Michalovce,Košický kraj,Deti a žiaci ZŠ,13375
879,Ženy,Okres Michalovce,Košický kraj,učilíšť (SOU),940
880,Ženy,Okres Michalovce,Košický kraj,stredných škôl,2027
881,Ženy,Okres Michalovce,Košický kraj,vysokých škôl,573
882,Ženy,Okres Michalovce,Košický kraj,Ostatní závislí,34
883,Ženy,Okres Michalovce,Košický kraj,s vl. zdrojom obživy,0
884,Muži,Okres Poprad,Prešovský kraj,na materskej dovolenke,0
885,Muži,Okres Poprad,Prešovský kraj,pracujúci dôhodcovia,993
886,Muži,Okres Poprad,Prešovský kraj,pomáhajúci,6
887,Muži,Okres Poprad,Prešovský kraj,hľadajúci zamestnanie,2842
888,Muži,Okres Poprad,Prešovský kraj,iné,36199
889,Ženy,Okres Poprad,Prešovský kraj,na materskej dovolenke,5188
890,Ženy,Okres Poprad,Prešovský kraj,pracujúci dôhodcovia,1102
891,Ženy,Okres Poprad,Prešovský kraj,pomáhajúci,4
892,Ženy,Okres Poprad,Prešovský kraj,hľadajúci zamestnanie,1352
893,Ženy,Okres Poprad,Prešovský kraj,iné,33449
894,Muži,Okres Poprad,Prešovský kraj,dôchodcovia,7832
895,Muži,Okres Poprad,Prešovský kraj,Ženy v domácnosti,0
896,Muži,Okres Poprad,Prešovský kraj,Deti a žiaci ZŠ,22755
897,Muži,Okres Poprad,Prešovský kraj,učilíšť (SOU),2411
898,Muži,Okres Poprad,Prešovský kraj,stredných škôl,1719
899,Muži,Okres Poprad,Prešovský kraj,vysokých škôl,950
900,Muži,Okres Poprad,Prešovský kraj,Ostatní závislí,73
901,Muži,Okres Poprad,Prešovský kraj,s vl. zdrojom obživy,0
902,Ženy,Okres Poprad,Prešovský kraj,dôchodcovia,13298
903,Ženy,Okres Poprad,Prešovský kraj,Ženy v domácnosti,2356
904,Ženy,Okres Poprad,Prešovský kraj,Deti a žiaci ZŠ,21850
905,Ženy,Okres Poprad,Prešovský kraj,učilíšť (SOU),1609
906,Ženy,Okres Poprad,Prešovský kraj,stredných škôl,2596
907,Ženy,Okres Poprad,Prešovský kraj,vysokých škôl,685
908,Ženy,Okres Poprad,Prešovský kraj,Ostatní závislí,48
909,Ženy,Okres Poprad,Prešovský kraj,s vl. zdrojom obživy,0
910,Muži,Okres Prešov,Prešovský kraj,na materskej dovolenke,0
911,Muži,Okres Prešov,Prešovský kraj,pracujúci dôhodcovia,1245
912,Muži,Okres Prešov,Prešovský kraj,pomáhajúci,3
913,Muži,Okres Prešov,Prešovský kraj,hľadajúci zamestnanie,2743
914,Muži,Okres Prešov,Prešovský kraj,iné,47258
915,Ženy,Okres Prešov,Prešovský kraj,na materskej dovolenke,6681
916,Ženy,Okres Prešov,Prešovský kraj,pracujúci dôhodcovia,1083
917,Ženy,Okres Prešov,Prešovský kraj,pomáhajúci,5
918,Ženy,Okres Prešov,Prešovský kraj,hľadajúci zamestnanie,1440
919,Ženy,Okres Prešov,Prešovský kraj,iné,42730
920,Muži,Okres Prešov,Prešovský kraj,dôchodcovia,12312
921,Muži,Okres Prešov,Prešovský kraj,Ženy v domácnosti,0
922,Muži,Okres Prešov,Prešovský kraj,Deti a žiaci ZŠ,28394
923,Muži,Okres Prešov,Prešovský kraj,učilíšť (SOU),3102
924,Muži,Okres Prešov,Prešovský kraj,stredných škôl,2059
925,Muži,Okres Prešov,Prešovský kraj,vysokých škôl,1284
926,Muži,Okres Prešov,Prešovský kraj,Ostatní závislí,26
927,Muži,Okres Prešov,Prešovský kraj,s vl. zdrojom obživy,0
928,Ženy,Okres Prešov,Prešovský kraj,dôchodcovia,19985
929,Ženy,Okres Prešov,Prešovský kraj,Ženy v domácnosti,3299
930,Ženy,Okres Prešov,Prešovský kraj,Deti a žiaci ZŠ,27051
931,Ženy,Okres Prešov,Prešovský kraj,učilíšť (SOU),2077
932,Ženy,Okres Prešov,Prešovský kraj,stredných škôl,3014
933,Ženy,Okres Prešov,Prešovský kraj,vysokých škôl,1082
934,Ženy,Okres Prešov,Prešovský kraj,Ostatní závislí,53
935,Ženy,Okres Prešov,Prešovský kraj,s vl. zdrojom obživy,0
936,Muži,Okres Rožňava,Košický kraj,na materskej dovolenke,1
937,Muži,Okres Rožňava,Košický kraj,pracujúci dôhodcovia,961
938,Muži,Okres Rožňava,Košický kraj,pomáhajúci,3
939,Muži,Okres Rožňava,Košický kraj,hľadajúci zamestnanie,1449
940,Muži,Okres Rožňava,Košický kraj,iné,19998
941,Ženy,Okres Rožňava,Košický kraj,na materskej dovolenke,2127
942,Ženy,Okres Rožňava,Košický kraj,pracujúci dôhodcovia,636
943,Ženy,Okres Rožňava,Košický kraj,pomáhajúci,6
944,Ženy,Okres Rožňava,Košický kraj,hľadajúci zamestnanie,783
945,Ženy,Okres Rožňava,Košický kraj,iné,17501
946,Muži,Okres Rožňava,Košický kraj,dôchodcovia,6379
947,Muži,Okres Rožňava,Košický kraj,Ženy v domácnosti,0
948,Muži,Okres Rožňava,Košický kraj,Deti a žiaci ZŠ,10457
949,Muži,Okres Rožňava,Košický kraj,učilíšť (SOU),1511
950,Muži,Okres Rožňava,Košický kraj,stredných škôl,790
951,Muži,Okres Rožňava,Košický kraj,vysokých škôl,353
952,Muži,Okres Rožňava,Košický kraj,Ostatní závislí,42
953,Muži,Okres Rožňava,Košický kraj,s vl. zdrojom obživy,0
954,Ženy,Okres Rožňava,Košický kraj,dôchodcovia,10359
955,Ženy,Okres Rožňava,Košický kraj,Ženy v domácnosti,2596
956,Ženy,Okres Rožňava,Košický kraj,Deti a žiaci ZŠ,9961
957,Ženy,Okres Rožňava,Košický kraj,učilíšť (SOU),851
958,Ženy,Okres Rožňava,Košický kraj,stredných škôl,1330
959,Ženy,Okres Rožňava,Košický kraj,vysokých škôl,311
960,Ženy,Okres Rožňava,Košický kraj,Ostatní závislí,34
961,Ženy,Okres Rožňava,Košický kraj,s vl. zdrojom obživy,0
962,Muži,Okres Spišská Nová Ves,Košický kraj,na materskej dovolenke,1
963,Muži,Okres Spišská Nová Ves,Košický kraj,pracujúci dôhodcovia,1242
964,Muži,Okres Spišská Nová Ves,Košický kraj,pomáhajúci,4
965,Muži,Okres Spišská Nová Ves,Košický kraj,hľadajúci zamestnanie,2441
966,Muži,Okres Spišská Nová Ves,Košický kraj,iné,33537
967,Ženy,Okres Spišská Nová Ves,Košický kraj,na materskej dovolenke,4128
968,Ženy,Okres Spišská Nová Ves,Košický kraj,pracujúci dôhodcovia,895
969,Ženy,Okres Spišská Nová Ves,Košický kraj,pomáhajúci,4
970,Ženy,Okres Spišská Nová Ves,Košický kraj,hľadajúci zamestnanie,1119
971,Ženy,Okres Spišská Nová Ves,Košický kraj,iné,28687
972,Muži,Okres Spišská Nová Ves,Košický kraj,dôchodcovia,9131
973,Muži,Okres Spišská Nová Ves,Košický kraj,Ženy v domácnosti,0
974,Muži,Okres Spišská Nová Ves,Košický kraj,Deti a žiaci ZŠ,20453
975,Muži,Okres Spišská Nová Ves,Košický kraj,učilíšť (SOU),2326
976,Muži,Okres Spišská Nová Ves,Košický kraj,stredných škôl,1537
977,Muži,Okres Spišská Nová Ves,Košický kraj,vysokých škôl,764
978,Muži,Okres Spišská Nová Ves,Košický kraj,Ostatní závislí,316
979,Muži,Okres Spišská Nová Ves,Košický kraj,s vl. zdrojom obživy,0
980,Ženy,Okres Spišská Nová Ves,Košický kraj,dôchodcovia,14670
981,Ženy,Okres Spišská Nová Ves,Košický kraj,Ženy v domácnosti,4197
982,Ženy,Okres Spišská Nová Ves,Košický kraj,Deti a žiaci ZŠ,19608
983,Ženy,Okres Spišská Nová Ves,Košický kraj,učilíšť (SOU),1326
984,Ženy,Okres Spišská Nová Ves,Košický kraj,stredných škôl,2433
985,Ženy,Okres Spišská Nová Ves,Košický kraj,vysokých škôl,665
986,Ženy,Okres Spišská Nová Ves,Košický kraj,Ostatní závislí,126
987,Ženy,Okres Spišská Nová Ves,Košický kraj,s vl. zdrojom obživy,0
988,Muži,Okres Stará Ľubovňa,Prešovský kraj,na materskej dovolenke,1
989,Muži,Okres Stará Ľubovňa,Prešovský kraj,pracujúci dôhodcovia,169
990,Muži,Okres Stará Ľubovňa,Prešovský kraj,pomáhajúci,0
991,Muži,Okres Stará Ľubovňa,Prešovský kraj,hľadajúci zamestnanie,787
992,Muži,Okres Stará Ľubovňa,Prešovský kraj,iné,10754
993,Ženy,Okres Stará Ľubovňa,Prešovský kraj,na materskej dovolenke,1524
994,Ženy,Okres Stará Ľubovňa,Prešovský kraj,pracujúci dôhodcovia,181
995,Ženy,Okres Stará Ľubovňa,Prešovský kraj,pomáhajúci,7
996,Ženy,Okres Stará Ľubovňa,Prešovský kraj,hľadajúci zamestnanie,245
997,Ženy,Okres Stará Ľubovňa,Prešovský kraj,iné,9185
998,Muži,Okres Stará Ľubovňa,Prešovský kraj,dôchodcovia,3022
999,Muži,Okres Stará Ľubovňa,Prešovský kraj,Ženy v domácnosti,0
1000,Muži,Okres Stará Ľubovňa,Prešovský kraj,Deti a žiaci ZŠ,7050
1001,Muži,Okres Stará Ľubovňa,Prešovský kraj,učilíšť (SOU),788
1002,Muži,Okres Stará Ľubovňa,Prešovský kraj,stredných škôl,515
1003,Muži,Okres Stará Ľubovňa,Prešovský kraj,vysokých škôl,218
1004,Muži,Okres Stará Ľubovňa,Prešovský kraj,Ostatní závislí,15
1005,Muži,Okres Stará Ľubovňa,Prešovský kraj,s vl. zdrojom obživy,0
1006,Ženy,Okres Stará Ľubovňa,Prešovský kraj,dôchodcovia,4805
1007,Ženy,Okres Stará Ľubovňa,Prešovský kraj,Ženy v domácnosti,673
1008,Ženy,Okres Stará Ľubovňa,Prešovský kraj,Deti a žiaci ZŠ,6667
1009,Ženy,Okres Stará Ľubovňa,Prešovský kraj,učilíšť (SOU),480
1010,Ženy,Okres Stará Ľubovňa,Prešovský kraj,stredných škôl,790
1011,Ženy,Okres Stará Ľubovňa,Prešovský kraj,vysokých škôl,151
1012,Ženy,Okres Stará Ľubovňa,Prešovský kraj,Ostatní závislí,11
1013,Ženy,Okres Stará Ľubovňa,Prešovský kraj,s vl. zdrojom obživy,0
1014,Muži,Okres Svidník,Prešovský kraj,na materskej dovolenke,2
1015,Muži,Okres Svidník,Prešovský kraj,pracujúci dôhodcovia,251
1016,Muži,Okres Svidník,Prešovský kraj,pomáhajúci,4
1017,Muži,Okres Svidník,Prešovský kraj,hľadajúci zamestnanie,470
1018,Muži,Okres Svidník,Prešovský kraj,iné,10558
1019,Ženy,Okres Svidník,Prešovský kraj,na materskej dovolenke,1319
1020,Ženy,Okres Svidník,Prešovský kraj,pracujúci dôhodcovia,294
1021,Ženy,Okres Svidník,Prešovský kraj,pomáhajúci,4
1022,Ženy,Okres Svidník,Prešovský kraj,hľadajúci zamestnanie,252
1023,Ženy,Okres Svidník,Prešovský kraj,iné,9587
1024,Muži,Okres Svidník,Prešovský kraj,dôchodcovia,3152
1025,Muži,Okres Svidník,Prešovský kraj,Ženy v domácnosti,0
1026,Muži,Okres Svidník,Prešovský kraj,Deti a žiaci ZŠ,5861
1027,Muži,Okres Svidník,Prešovský kraj,učilíšť (SOU),774
1028,Muži,Okres Svidník,Prešovský kraj,stredných škôl,540
1029,Muži,Okres Svidník,Prešovský kraj,vysokých škôl,262
1030,Muži,Okres Svidník,Prešovský kraj,Ostatní závislí,12
1031,Muži,Okres Svidník,Prešovský kraj,s vl. zdrojom obživy,0
1032,Ženy,Okres Svidník,Prešovský kraj,dôchodcovia,4860
1033,Ženy,Okres Svidník,Prešovský kraj,Ženy v domácnosti,230
1034,Ženy,Okres Svidník,Prešovský kraj,Deti a žiaci ZŠ,5673
1035,Ženy,Okres Svidník,Prešovský kraj,učilíšť (SOU),465
1036,Ženy,Okres Svidník,Prešovský kraj,stredných škôl,809
1037,Ženy,Okres Svidník,Prešovský kraj,vysokých škôl,224
1038,Ženy,Okres Svidník,Prešovský kraj,Ostatní závislí,7
1039,Ženy,Okres Svidník,Prešovský kraj,s vl. zdrojom obživy,0
1040,Muži,Okres Trebišov,Košický kraj,na materskej dovolenke,2
1041,Muži,Okres Trebišov,Košický kraj,pracujúci dôhodcovia,758
1042,Muži,Okres Trebišov,Košický kraj,pomáhajúci,2
1043,Muži,Okres Trebišov,Košický kraj,hľadajúci zamestnanie,1942
1044,Muži,Okres Trebišov,Košický kraj,iné,27716
1045,Ženy,Okres Trebišov,Košický kraj,na materskej dovolenke,2865
1046,Ženy,Okres Trebišov,Košický kraj,pracujúci dôhodcovia,491
1047,Ženy,Okres Trebišov,Košický kraj,pomáhajúci,1
1048,Ženy,Okres Trebišov,Košický kraj,hľadajúci zamestnanie,1272
1049,Ženy,Okres Trebišov,Košický kraj,iné,22033
1050,Muži,Okres Trebišov,Košický kraj,dôchodcovia,8465
1051,Muži,Okres Trebišov,Košický kraj,Ženy v domácnosti,0
1052,Muži,Okres Trebišov,Košický kraj,Deti a žiaci ZŠ,15057
1053,Muži,Okres Trebišov,Košický kraj,učilíšť (SOU),1714
1054,Muži,Okres Trebišov,Košický kraj,stredných škôl,1367
1055,Muži,Okres Trebišov,Košický kraj,vysokých škôl,486
1056,Muži,Okres Trebišov,Košický kraj,Ostatní závislí,59
1057,Muži,Okres Trebišov,Košický kraj,s vl. zdrojom obživy,4
1058,Ženy,Okres Trebišov,Košický kraj,dôchodcovia,14130
1059,Ženy,Okres Trebišov,Košický kraj,Ženy v domácnosti,4663
1060,Ženy,Okres Trebišov,Košický kraj,Deti a žiaci ZŠ,14740
1061,Ženy,Okres Trebišov,Košický kraj,učilíšť (SOU),1006
1062,Ženy,Okres Trebišov,Košický kraj,stredných škôl,2070
1063,Ženy,Okres Trebišov,Košický kraj,vysokých škôl,476
1064,Ženy,Okres Trebišov,Košický kraj,Ostatní závislí,68
1065,Ženy,Okres Trebišov,Košický kraj,s vl. zdrojom obživy,4
1066,Muži,Okres Vranov nad Topľou,Prešovský kraj,na materskej dovolenke,0
1067,Muži,Okres Vranov nad Topľou,Prešovský kraj,pracujúci dôhodcovia,588
1068,Muži,Okres Vranov nad Topľou,Prešovský kraj,pomáhajúci,1
1069,Muži,Okres Vranov nad Topľou,Prešovský kraj,hľadajúci zamestnanie,888
1070,Muži,Okres Vranov nad Topľou,Prešovský kraj,iné,17322
1071,Ženy,Okres Vranov nad Topľou,Prešovský kraj,na materskej dovolenke,2215
1072,Ženy,Okres Vranov nad Topľou,Prešovský kraj,pracujúci dôhodcovia,502
1073,Ženy,Okres Vranov nad Topľou,Prešovský kraj,pomáhajúci,5
1074,Ženy,Okres Vranov nad Topľou,Prešovský kraj,hľadajúci zamestnanie,541
1075,Ženy,Okres Vranov nad Topľou,Prešovský kraj,iné,14552
1076,Muži,Okres Vranov nad Topľou,Prešovský kraj,dôchodcovia,4654
1077,Muži,Okres Vranov nad Topľou,Prešovský kraj,Ženy v domácnosti,0
1078,Muži,Okres Vranov nad Topľou,Prešovský kraj,Deti a žiaci ZŠ,10739
1079,Muži,Okres Vranov nad Topľou,Prešovský kraj,učilíšť (SOU),1190
1080,Muži,Okres Vranov nad Topľou,Prešovský kraj,stredných škôl,652
1081,Muži,Okres Vranov nad Topľou,Prešovský kraj,vysokých škôl,362
1082,Muži,Okres Vranov nad Topľou,Prešovský kraj,Ostatní závislí,28
1083,Muži,Okres Vranov nad Topľou,Prešovský kraj,s vl. zdrojom obživy,0
1084,Ženy,Okres Vranov nad Topľou,Prešovský kraj,dôchodcovia,7657
1085,Ženy,Okres Vranov nad Topľou,Prešovský kraj,Ženy v domácnosti,1320
1086,Ženy,Okres Vranov nad Topľou,Prešovský kraj,Deti a žiaci ZŠ,10403
1087,Ženy,Okres Vranov nad Topľou,Prešovský kraj,učilíšť (SOU),823
1088,Ženy,Okres Vranov nad Topľou,Prešovský kraj,stredných škôl,1101
1089,Ženy,Okres Vranov nad Topľou,Prešovský kraj,vysokých škôl,310
1090,Ženy,Okres Vranov nad Topľou,Prešovský kraj,Ostatní závislí,43
1091,Ženy,Okres Vranov nad Topľou,Prešovský kraj,s vl. zdrojom obživy,0
